{"length":20,"_timestamp":1.7649441741805038e+09,"_runtime":3294.715022732,"episode":2000,"loss":460.3773193359375,"_step":2000,"value_loss":460.3773193359375,"_wandb":{"runtime":3294},"global_step":47462,"return":1.05706787109375}