{"_timestamp":1.7649480284368143e+09,"_wandb":{"runtime":3835},"kl":0.0009744769195094705,"_runtime":3835.378819404,"policy_loss":-0.0328545868396759,"loss":1184.6895751953125,"_step":2000,"return":-51.52488708496094,"episode":2000,"value_loss":2369.48095703125,"global_step":60785,"length":22}