{"_timestamp":1.764942728040952e+09,"length":48,"loss":1210.6722412109375,"value_loss":1210.6722412109375,"return":-87.68092346191406,"_runtime":3970.575481433,"_step":2000,"episode":2000,"_wandb":{"runtime":3970},"global_step":57523}