{"length":22,"global_step":59572,"loss":30113.71484375,"episode":2000,"return":-115.97781372070312,"value_loss":30113.71484375,"_timestamp":1.7649471743761184e+09,"_wandb":{"runtime":4422},"_step":2000,"_runtime":4422.933282814}