{"episode":3000,"loss":56.76844024658203,"global_step":72617,"_step":3000,"_wandb":{"runtime":4918},"_runtime":4918.829952254,"return":-115.99690246582031,"length":34,"value_loss":113.53688049316406,"policy_loss":0,"entropy":0,"_timestamp":1.7650281699591465e+09}