{"_step":2000,"_timestamp":1.764946421990416e+09,"length":26,"episode":2000,"loss":1440.030029296875,"value_loss":2880.0615234375,"global_step":55316,"_runtime":3469.771073557,"return":-75.83274841308594,"policy_loss":0.012814279645681381,"_wandb":{"runtime":3469}}