{"episode":3000,"return":-42.375244140625,"global_step":91749,"_timestamp":1.7650298381056905e+09,"_runtime":6586.783205258,"loss":1085.9010009765625,"value_loss":1085.9010009765625,"length":34,"_step":3000,"_wandb":{"runtime":6586}}