{"length":23,"return":440.0658721923828,"_step":2000,"loss":0,"_timestamp":1.7649408564507985e+09,"episode":2000,"entropy":9.930307444394604e-13,"_wandb":{"runtime":2099},"_runtime":2099.057095226,"global_step":32505,"policy_loss":0}