{"episode":2000,"global_step":33310,"value_loss":33987.03125,"entropy":9.054926586316014e-09,"return":368.5602264404297,"policy_loss":0,"_step":2000,"_wandb":{"runtime":2069},"length":21,"loss":16993.515625,"_runtime":2069.388410382,"_timestamp":1.7649485148427453e+09}