{"episode":2000,"_runtime":4167.241576784,"_step":2000,"value_loss":8736.97265625,"_wandb":{"runtime":4167},"_timestamp":1.764942924882642e+09,"return":-102.48716735839844,"loss":8736.97265625,"length":25,"global_step":61118}